<?xml version="1.0" encoding="utf-8"?>
<odoo>
	<data>
		<record id="property_management_category_types"
			model="ir.module.category">
			<field name="description">Property Management</field>
			<field name="name">Property Management</field>
		</record>

		<record id="group_tenant" model="res.groups">
			<field name="name">Tenant</field>
			<field name="category_id"
				ref="property_management_category_types" />
		</record>

		<record id="group_agent" model="res.groups">
			<field name="name">Agent</field>
			<field name="category_id"
				ref="property_management_category_types" />
		</record>

		<record id="group_landlord" model="res.groups">
			<field name="name">Landlord</field>
			<field name="category_id"
				ref="property_management_category_types" />
		</record>

		<record id="group_admin" model="res.groups">
			<field name="name">Manager/Admin</field>
			<field name="category_id"
				ref="property_management_category_types" />
		</record>

		<record id="see_all_property_admin_rule" model="ir.rule">
			<field name="name">Admin: See All Property</field>
			<field name="model_id" ref="product.model_product_product" />
			<field name="domain_force">[(1,'=',1)]</field>
			<field name="groups"
				eval="[(4,ref('sr_property_rental_management.group_admin'))]" />
		</record>

		<record id="personal_property_landlord_rule" model="ir.rule">
			<field name="name">Property Landlord: See Own Property</field>
			<field name="model_id" ref="product.model_product_product" />
			<field name="domain_force">['|','|',('user_id','=',user.id),('user_id','=',False),('property_landlord_id','=',user.partner_id.id)]
			</field>
			<field name="groups"
				eval="[(4,ref('sr_property_rental_management.group_landlord'))]" />
		</record>

		<record id="personal_property_agent_rule" model="ir.rule">
			<field name="name">Property Agent: See Own Property</field>
			<field name="model_id" ref="product.model_product_product" />
			<field name="domain_force">[('state','in',['available','rented','sold']),'|','|',('user_id','=',user.id),('user_id','=',False),('property_agent_id','=',user.partner_id.id)]
			</field>
			<field name="groups"
				eval="[(4,ref('sr_property_rental_management.group_agent'))]" />
		</record>

		<record id="tenent_available_property" model="ir.rule">
			<field name="name">Tenent: See available property</field>
			<field name="model_id" ref="product.model_product_product" />
			<field name="domain_force">['|',('state','in',['available','rented','sold']),('current_user_id','=',user.partner_id.id)]
			</field>
			<field name="groups"
				eval="[(4,ref('sr_property_rental_management.group_tenant'))]" />
		</record>


		<record id="tenent_agreement_rule" model="ir.rule">
			<field name="name">Tenent: agreement rules</field>
			<field name="model_id"
				ref="sr_property_rental_management.model_sr_tenancy_agreement" />
			<field name="domain_force">[('tenant_id','=',user.partner_id.id)]
			</field>
			<field name="groups"
				eval="[(4,ref('sr_property_rental_management.group_tenant'))]" />
		</record>

		<record id="agent_agreement_rule" model="ir.rule">
			<field name="name">Agent: agreement rules</field>
			<field name="model_id"
				ref="sr_property_rental_management.model_sr_tenancy_agreement" />
			<field name="domain_force">[('agent_id','=',user.partner_id.id)]
			</field>
			<field name="groups"
				eval="[(4,ref('sr_property_rental_management.group_agent'))]" />
		</record>

		<record id="landlord_agreement_rule" model="ir.rule">
			<field name="name">Landlord: agreement rules</field>
			<field name="model_id"
				ref="sr_property_rental_management.model_sr_tenancy_agreement" />
			<field name="domain_force">[('landloard_id','=',user.partner_id.id)]
			</field>
			<field name="groups"
				eval="[(4,ref('sr_property_rental_management.group_landlord'))]" />
		</record>

		<record id="agent_commission_line_rule" model="ir.rule">
			<field name="name">Agent: See own commission line</field>
			<field name="model_id"
				ref="sr_property_rental_management.model_sr_property_agent_commission_lines" />
			<field name="domain_force">[('agent_id','=',user.partner_id.id)]
			</field>
			<field name="groups"
				eval="[(4,ref('sr_property_rental_management.group_agent'))]" />
		</record>

		<record id="agent_commission_settlement_rule" model="ir.rule">
			<field name="name">Agent: See own commission settlement</field>
			<field name="model_id"
				ref="sr_property_rental_management.model_sr_property_agent_commission_settlement" />
			<field name="domain_force">[('agent_id','=',user.partner_id.id)]
			</field>
			<field name="groups"
				eval="[(4,ref('sr_property_rental_management.group_agent'))]" />
		</record>



	</data>
</odoo>
