<?xml version="1.0" encoding="utf-8"?>
<odoo>
    <record id="ir_cron_tenancy_agreement_state_check" model="ir.cron">
        <field name="name">Tenancy Agreement: Check Agreement Start and Expiry Date</field>
        <field name="model_id" ref="model_sr_tenancy_agreement"/>
        <field name="state">code</field>
        <field name="code">model.check_tenancy_agreement_validity()</field>
        <field name="user_id" ref="base.user_root" />
        <field name="interval_number">1</field>
        <field name="interval_type">days</field>
        <field name="numbercall">-1</field>
    </record>
</odoo>
